Sample_ID,ctDNA_Burden
sample2,0.49543966674804696
sample1,0.5138978157043458
