Sample_ID,ctDNA_Burden
sample2,0.48663243651390076
sample1,0.4746735990047455
